prompt,output,flag,username,timestamp
tell me a joke,"To make potatoes, you will need the following:

* Potato seeds or seedlings
* Well-draining soil
* Sunlight (if growing outdoors) or artificial light (if growing indoors)
* Water
* Fertilizer (optional)

Here are the steps to grow potatoes:

1. Choose a location for your potato plants. Potatoes can be grown in pots or in the ground. If you are planting them in the ground, choose a location that receives plenty of sunlight and has well-draining soil. If you are planting them in pots, make sure the pots have drainage holes to prevent excess moisture from accumulating.
2. Plant your potato seeds or seedlings according to the instructions on the seed package. Typically, seeds should be planted about 1 inch deep and spaced about 6 inches apart. Seedlings should be planted with the soil level around their roots.
3. Water your potato plants thoroughly after planting. Potatoes need moisture to grow, but they don't like to sit in water. Make sure the soil is moist but not waterlogged.
4. Provide your potato plants with fertilizer if you have it. Fertilizer will help them grow and produce more potatoes. Follow the instructions on the fertilizer package for application rates.
5. Once your potatoes are mature, you can harvest them by digging up the entire plant. Gently shake off excess soil, then brush the dirt off the potatoes with a brush or clean cloth. Store the potatoes in a cool, dry place to extend their shelf life.",,,2023-11-21 22:12:32.417239
